CLASSIFIER,N_FEATURES,FLOW_TIMEOUT,ACTIVITY_TIMEOUT,AVERAGE_ACCURACY,ERROR_RATE,MICRO_PRECISION,MICRO_RECALL,MICRO_F1_SCORE,MACRO_PRECISION,MACRO_RECALL,MACRO_F1_SCORE
RandomForest,68,10,2,0.9111540277241319,0.08884597227586798,0.55577013862066,0.55577013862066,0.55577013862066,0.8049289445319425,0.5758343484922306,0.6713760956693905
